                  epoch,             train/loss,  metrics/accuracy_top1,  metrics/accuracy_top5,               val/loss,                 lr/pg0,                 lr/pg1,                 lr/pg2
                      1,                0.93703,                0.47774,                0.81678,                 2.2693,             0.00023768,             0.00023768,             0.00023768
                      2,                0.47759,                  0.581,                0.89394,                 2.1823,             0.00046391,             0.00046391,             0.00046391
                      3,                0.39714,                0.59382,                0.90396,                 2.1554,             0.00067836,             0.00067836,             0.00067836
                      4,                0.34413,                0.63601,                0.92086,                 2.1329,             0.00066099,             0.00066099,             0.00066099
                      5,                0.29117,                0.68054,                0.94068,                 2.1059,             0.00066099,             0.00066099,             0.00066099
                      6,                0.25866,                 0.6676,                0.93543,                  2.107,             0.00064331,             0.00064331,             0.00064331
                      7,                0.22498,                0.69254,                0.94231,                 2.0929,             0.00062564,             0.00062564,             0.00062564
                      8,                0.21097,                0.69394,                0.94207,                 2.0912,             0.00060797,             0.00060797,             0.00060797
